{"ESN": {"n_units": 500, "input_scaling": 1, "noise_rc": 6e-05, "rc_connectivity": 0.1282104793041867, "sr": 0.01554228232776676, "lr": 0.055463205839880375, "fb_scaling": 0.01, "input_connectivity": 0.9603806947160662, "fb_connectivity": 0.01, "output_connectivity": 0.8651043295816371, "topology": "random", "activation": "tanh"}, "RL": {"eta": 0.00451598239860282, "beta": 16, "r_th": 0, "reward": [1.0, 0.75, 0.5, 0.25], "penalty": -0.01, "decay": 0.7504610522271556}}