{"ESN": {"n_units": 500, "input_scaling": 1, "noise_rc": 6e-5, "connect_limit": 0.018723495514519288, "sr": 0.0030684335903899255, "lr": 0.10499373931104919, "fb_scaling": 0.01, "connect_prob": 0.0022774695313578395, "angle": 25, "fb_connectivity": 0.1,
  "output_connectivity": 6.316352935360731, "activation": "tanh"},
  "RL": {"eta": 0.026067657486799067, "decay": 0.39665450474554614, "epsilon": 1, "beta": 12, "r_th": 1e-6, "reward": [1.0, 0.75, 0.5, 0.25], "penalty": -0.01}}
