{"ESN_1": {"n_units": 250, "input_scaling": 1, "noise_rc": 6e-05, "rc_connectivity": 0.012395218059029081, "sr": 0.2756271420554224, "lr": 0.06838376929557957, "fb_scaling": 0.01, "input_connectivity": 0.8581301394060622, "fb_connectivity": 0.0005372432988169695, "topology": "random", "activation": "tanh"}, "ESN_2": {"n_units": 250, "input_scaling": 1, "noise_rc": 6e-05, "rc_connectivity": 0.0013311476657846752, "sr": 0.160792621926168, "lr": 0.6729827710327814, "fb_scaling": 0.01, "input_connectivity": 0.6288012134759476, "fb_connectivity": 0.001662526149447666, "topology": "random", "activation": "tanh"}, "Readout": {"output_connectivity": 0.9870586294475361}, "RL": {"eta": 0.006952433501411552, "beta": 15, "r_th": 0.006975544340245059, "reward": [1.0, 0.75, 0.5, 0.25], "penalty": -0.01, "decay": 0.4071563569747857}}