{"ESN_1": {"n_units": 125, "input_scaling": 1, "noise_rc": 6e-05, "rc_connectivity": 0.00017500163257765905, "sr": 0.015614696326828353, "lr": 0.06409190134853772, "fb_scaling": 0.01, "input_connectivity": 0.7511176441875375, "fb_connectivity": 0.1, "topology": "random", "activation": "tanh"}, "ESN_2": {"n_units": 125, "input_scaling": 1, "noise_rc": 6e-05, "rc_connectivity": 0.00012746859862391413, "sr": 0.05411202321631758, "lr": 0.2803328034832836, "fb_scaling": 0.01, "input_connectivity": 0.6722960098959798, "fb_connectivity": 0.1, "topology": "random", "activation": "tanh"}, "ESN_3": {"n_units": 125, "input_scaling": 1, "noise_rc": 6e-05, "rc_connectivity": 0.01036035839428296, "sr": 0.08548035375036739, "lr": 0.5017138282321663, "fb_scaling": 0.01, "input_connectivity": 0.504137413283618, "fb_connectivity": 0.1, "topology": "random", "activation": "tanh"}, "ESN_4": {"n_units": 125, "input_scaling": 1, "noise_rc": 6e-05, "rc_connectivity": 0.6898551913133127, "sr": 0.045961803571241265, "lr": 0.07299998442379302, "fb_scaling": 0.01, "input_connectivity": 0.18663297335914217, "fb_connectivity": 0.1, "topology": "random", "activation": "tanh"}, "Readout": {"output_connectivity": 0.9519478392205435}, "RL": {"eta": 0.00547317560163015, "beta": 17, "r_th": 0.0044, "reward": [1.0, 0.75, 0.5, 0.25], "penalty": -0.01, "decay": 0.7615407523865412}}