{"ESN_1": {"n_units": 83, "input_scaling": 1, "noise_rc": 6e-05, "rc_connectivity": 0.009216809510850072, "sr": 0.8326938246928353, "lr": 0.16041626433386913, "fb_scaling": 0.01, "input_connectivity": 0.9211882622772251, "fb_connectivity": 0.1, "topology": "random", "activation": "tanh"}, "ESN_2": {"n_units": 83, "input_scaling": 1, "noise_rc": 6e-05, "rc_connectivity": 0.036474344749413586, "sr": 0.41028368366240603, "lr": 0.10111626041550698, "fb_scaling": 0.01, "input_connectivity": 0.31763567033652734, "fb_connectivity": 0.1, "topology": "random", "activation": "tanh"}, "ESN_3": {"n_units": 84, "input_scaling": 1, "noise_rc": 6e-05, "rc_connectivity": 0.0005918040908891244, "sr": 0.5437847117352572, "lr": 0.4292151959451217, "fb_scaling": 0.01, "input_connectivity": 0.15646269868133802, "fb_connectivity": 0.1, "topology": "random", "activation": "tanh"}, "ESN_4": {"n_units": 83, "input_scaling": 1, "noise_rc": 6e-05, "rc_connectivity": 0.023146848420881026, "sr": 0.1331414326457005, "lr": 0.0713622051742592, "fb_scaling": 0.01, "input_connectivity": 0.1866865839111588, "fb_connectivity": 0.1, "topology": "random", "activation": "tanh"}, "ESN_5": {"n_units": 83, "input_scaling": 1, "noise_rc": 6e-05, "rc_connectivity": 0.0006100041556963248, "sr": 0.1991162190280726, "lr": 0.7161652249552889, "fb_scaling": 0.01, "input_connectivity": 0.766134049060477, "fb_connectivity": 0.1, "topology": "random", "activation": "tanh"}, "ESN_6": {"n_units": 84, "input_scaling": 1, "noise_rc": 6e-05, "rc_connectivity": 0.7826379068036153, "sr": 0.08822203627500272, "lr": 0.09872626102263639, "fb_scaling": 0.01, "input_connectivity": 0.12832801703456473, "fb_connectivity": 0.1, "topology": "random", "activation": "tanh"}, "Readout": {"output_connectivity": 0.9894586999367121}, "RL": {"eta": 0.006254480464482596, "beta": 11, "r_th": 0.006975544340245059, "reward": [1.0, 0.75, 0.5, 0.25], "penalty": -0.01, "decay": 0.8450942210377526}}