{ "ESN": {  "n_units": 500,
            "input_scaling": 1,
            "noise_rc": 0,
            "connect_limit": [0.42480570014887126,0.6488617681256266],
            "sr": 0.05559376322039419,
            "lr": [0.22589507128920633,0.5941387304306089],
            "fb_scaling": 1e-2,
            "connect_prob": [0.5229451884351911,0.6873172901121379],
            "angle": [95, 94],
            "fb_connectivity": 0.1,
            "output_connectivity": 1.6676405168679407,
            "activation": "tanh"
                  },

  "RL": { "eta": 0.001,
          "decay": 0.8651647775232905,
          "epsilon": 1,
          "beta": 18,
          "r_th": 0.08626828083717715,
          "reward": [1.0, 0.75, 0.5, 0.25],
          "penalty": -0.01
  }
}

